-- MySQL dump 10.13  Distrib 8.0.26, for Linux (x86_64)
--
-- Host: localhost    Database: laravel
-- ------------------------------------------------------
-- Server version	8.0.26

/*!40101 SET @OLD_CHARACTER_SET_CLIENT=@@CHARACTER_SET_CLIENT */;
/*!40101 SET @OLD_CHARACTER_SET_RESULTS=@@CHARACTER_SET_RESULTS */;
/*!40101 SET @OLD_COLLATION_CONNECTION=@@COLLATION_CONNECTION */;
/*!50503 SET NAMES utf8mb4 */;
/*!40103 SET @OLD_TIME_ZONE=@@TIME_ZONE */;
/*!40103 SET TIME_ZONE='+00:00' */;
/*!40014 SET @OLD_UNIQUE_CHECKS=@@UNIQUE_CHECKS, UNIQUE_CHECKS=0 */;
/*!40014 SET @OLD_FOREIGN_KEY_CHECKS=@@FOREIGN_KEY_CHECKS, FOREIGN_KEY_CHECKS=0 */;
/*!40101 SET @OLD_SQL_MODE=@@SQL_MODE, SQL_MODE='NO_AUTO_VALUE_ON_ZERO' */;
/*!40111 SET @OLD_SQL_NOTES=@@SQL_NOTES, SQL_NOTES=0 */;

--
-- Table structure for table `depts`
--

DROP TABLE IF EXISTS `depts`;
/*!40101 SET @saved_cs_client     = @@character_set_client */;
/*!50503 SET character_set_client = utf8mb4 */;
CREATE TABLE `depts` (
  `id` int unsigned NOT NULL AUTO_INCREMENT COMMENT '部署ID',
  `dept_name` varchar(255) COLLATE utf8mb4_unicode_ci NOT NULL COMMENT '部署名',
  `created_at` timestamp NULL DEFAULT NULL,
  `updated_at` timestamp NULL DEFAULT NULL,
  `deleted_at` timestamp NULL DEFAULT NULL,
  PRIMARY KEY (`id`)
) ENGINE=InnoDB AUTO_INCREMENT=6 DEFAULT CHARSET=utf8mb4 COLLATE=utf8mb4_unicode_ci;
/*!40101 SET character_set_client = @saved_cs_client */;

--
-- Dumping data for table `depts`
--

LOCK TABLES `depts` WRITE;
/*!40000 ALTER TABLE `depts` DISABLE KEYS */;
INSERT INTO `depts` VALUES (1,'総務部','2000-01-01 00:00:00','2000-01-01 00:00:00',NULL),(2,'経理部','2000-01-01 00:00:00','2000-01-01 00:00:00',NULL),(3,'人事部','2000-01-01 00:00:00','2000-01-01 00:00:00',NULL),(4,'開発部','2000-01-01 00:00:00','2000-01-01 00:00:00',NULL),(5,'営業部','2000-01-01 00:00:00','2000-01-01 00:00:00',NULL);
/*!40000 ALTER TABLE `depts` ENABLE KEYS */;
UNLOCK TABLES;

--
-- Table structure for table `employees`
--

DROP TABLE IF EXISTS `employees`;
/*!40101 SET @saved_cs_client     = @@character_set_client */;
/*!50503 SET character_set_client = utf8mb4 */;
CREATE TABLE `employees` (
  `id` int unsigned NOT NULL AUTO_INCREMENT COMMENT '従業員ID',
  `dept_id` int NOT NULL COMMENT '部署ID',
  `name` varchar(255) COLLATE utf8mb4_unicode_ci NOT NULL COMMENT '名前',
  `address` varchar(255) COLLATE utf8mb4_unicode_ci NOT NULL COMMENT '住所',
  `email` varchar(255) COLLATE utf8mb4_unicode_ci NOT NULL COMMENT 'メールアドレス',
  `old` int NOT NULL COMMENT '年齢',
  `tel` varchar(255) COLLATE utf8mb4_unicode_ci NOT NULL COMMENT '電話番号',
  `created_at` timestamp NULL DEFAULT NULL,
  `updated_at` timestamp NULL DEFAULT NULL,
  `deleted_at` timestamp NULL DEFAULT NULL,
  PRIMARY KEY (`id`)
) ENGINE=InnoDB AUTO_INCREMENT=101 DEFAULT CHARSET=utf8mb4 COLLATE=utf8mb4_unicode_ci;
/*!40101 SET character_set_client = @saved_cs_client */;

--
-- Dumping data for table `employees`
--

LOCK TABLES `employees` WRITE;
/*!40000 ALTER TABLE `employees` DISABLE KEYS */;
INSERT INTO `employees` VALUES (1,5,'青田 聡太郎','6769149  和歌山県桐山市南区若松町村山3-2-1','gmiyazawa@mail.goo.ne.jp',39,'03509-5-0501','2000-01-01 00:00:00','2000-01-01 00:00:00',NULL),(2,1,'廣川 加奈','1233556  岐阜県吉本市西区松本町斉藤1-6-10 ハイツ原田108号','rkijima@murayama.com',31,'0891-63-6096','2000-01-01 00:00:00','2000-01-01 00:00:00',NULL),(3,3,'三宅 学','3414638  長野県野村市南区工藤町野村7-3-1','kaori.saito@sugiyama.com',22,'0370-648-659','2000-01-01 00:00:00','2000-01-01 00:00:00',NULL),(4,5,'杉山 淳','3071816  大阪府吉本市西区西之園町伊藤4-9-3','ryohei.wakamatsu@ogaki.com',27,'07-9591-8928','2000-01-01 00:00:00','2000-01-01 00:00:00',NULL),(5,4,'藤本 京助','5402139  富山県野村市東区青山町津田5-2-8','aoyama.kana@kato.info',52,'090-9807-6131','2000-01-01 00:00:00','2000-01-01 00:00:00',NULL),(6,5,'小泉 拓真','1796547  鹿児島県石田市北区伊藤町近藤7-1-2','sayuri52@miyazawa.jp',57,'00-8852-9016','2000-01-01 00:00:00','2000-01-01 00:00:00',NULL),(7,3,'高橋 桃子','1461780  神奈川県中津川市西区杉山町加藤7-2-10 コーポ廣川104号','kazuya.harada@kijima.biz',30,'0810-492-775','2000-01-01 00:00:00','2000-01-01 00:00:00',NULL),(8,2,'高橋 亮介','3789000  香川県桐山市西区石田町中津川10-7-1','taichi.uno@yahoo.co.jp',22,'038-038-0474','2000-01-01 00:00:00','2000-01-01 00:00:00',NULL),(9,4,'喜嶋 充','7956127  青森県松本市中央区石田町村山9-9-10 ハイツ渚108号','hsato@gmail.com',47,'016-055-1138','2000-01-01 00:00:00','2000-01-01 00:00:00',NULL),(10,5,'山岸 くみ子','9059469  兵庫県山口市南区鈴木町近藤6-10-8','hamada.satomi@gmail.com',26,'080-7143-7278','2000-01-01 00:00:00','2000-01-01 00:00:00',NULL),(11,4,'松本 淳','4692083  滋賀県山口市中央区坂本町三宅5-7-5','yamagishi.asuka@yahoo.co.jp',48,'05-1866-7414','2000-01-01 00:00:00','2000-01-01 00:00:00',NULL),(12,4,'佐藤 加奈','5515071  茨城県廣川市南区野村町佐々木9-1-4','yoko.fujimoto@kudo.com',38,'06-5032-5525','2000-01-01 00:00:00','2000-01-01 00:00:00',NULL),(13,2,'小林 香織','9243034  福岡県江古田市北区若松町喜嶋8-2-8','naoki49@gmail.com',45,'06-1391-0094','2000-01-01 00:00:00','2000-01-01 00:00:00',NULL),(14,2,'小泉 零','9193720  福井県山口市北区斉藤町若松9-4-7 ハイツ村山105号','naoto97@yahoo.co.jp',49,'090-5377-0559','2000-01-01 00:00:00','2000-01-01 00:00:00',NULL),(15,1,'山岸 翼','7987250  京都府藤本市西区石田町斉藤4-10-9 コーポ藤本101号','tomoya47@mail.goo.ne.jp',43,'090-0464-5746','2000-01-01 00:00:00','2000-01-01 00:00:00',NULL),(16,4,'田辺 桃子','2713845  長崎県加納市西区工藤町山口3-9-3','manabu76@kondo.biz',30,'07666-3-2187','2000-01-01 00:00:00','2000-01-01 00:00:00',NULL),(17,5,'近藤 直子','3757621  三重県田辺市西区浜田町桐山4-3-2','kato.akira@yamada.jp',46,'04-8915-9228','2000-01-01 00:00:00','2000-01-01 00:00:00',NULL),(18,1,'佐々木 太郎','8459249  大阪府田中市南区渚町中村5-5-8 コーポ田中106号','myoshimoto@hotmail.co.jp',56,'0935-63-0942','2000-01-01 00:00:00','2000-01-01 00:00:00',NULL),(19,3,'田中 香織','8065579  山口県大垣市東区宇野町山田1-9-3 ハイツ大垣108号','matsumoto.rika@tanabe.com',45,'034-440-7846','2000-01-01 00:00:00','2000-01-01 00:00:00',NULL),(20,3,'渚 裕樹','2838814  長崎県廣川市北区大垣町渡辺10-5-7 ハイツ吉本108号','nagisa.kazuya@kiriyama.net',45,'080-9346-4537','2000-01-01 00:00:00','2000-01-01 00:00:00',NULL),(21,3,'津田 涼平','9803571  宮崎県三宅市北区近藤町廣川10-6-8','ryosuke04@nakatsugawa.com',40,'02-5753-3842','2000-01-01 00:00:00','2000-01-01 00:00:00',NULL),(22,3,'宇野 あすか','7454443  秋田県井高市東区吉田町笹田9-5-9','ryohei.hirokawa@mail.goo.ne.jp',25,'02-7544-7904','2000-01-01 00:00:00','2000-01-01 00:00:00',NULL),(23,4,'津田 翔太','4554822  千葉県青田市東区山本町山田10-1-4','miki54@aoyama.biz',33,'080-3766-0965','2000-01-01 00:00:00','2000-01-01 00:00:00',NULL),(24,4,'西之園 京助','8864023  兵庫県小林市西区大垣町津田10-5-7 コーポ宮沢108号','chiyo.sasaki@hotmail.co.jp',49,'0630-187-231','2000-01-01 00:00:00','2000-01-01 00:00:00',NULL),(25,5,'加納 修平','1231702  広島県斉藤市南区山口町浜田8-3-3 コーポ大垣102号','gekoda@aota.jp',26,'090-7516-7464','2000-01-01 00:00:00','2000-01-01 00:00:00',NULL),(26,2,'井高 直子','9023896  山梨県山口市西区廣川町山岸6-6-3','saito.asuka@yahoo.co.jp',59,'09430-2-6663','2000-01-01 00:00:00','2000-01-01 00:00:00',NULL),(27,4,'佐々木 春香','6057120  静岡県井上市西区中津川町中村3-5-4 コーポ廣川103号','shota.nakajima@gmail.com',25,'090-9221-5268','2000-01-01 00:00:00','2000-01-01 00:00:00',NULL),(28,3,'原田 直子','4723703  愛媛県宮沢市中央区坂本町山口7-7-4 コーポ木村106号','qkijima@hotmail.co.jp',50,'080-8402-3760','2000-01-01 00:00:00','2000-01-01 00:00:00',NULL),(29,4,'杉山 春香','2301887  山形県石田市東区村山町木村10-4-3 コーポ渚108号','hanako48@yamada.org',31,'097-129-8666','2000-01-01 00:00:00','2000-01-01 00:00:00',NULL),(30,3,'田辺 千代','4679777  大分県渡辺市西区宮沢町中津川6-6-6 ハイツ廣川110号','fujimoto.yoko@hamada.org',30,'080-7222-4350','2000-01-01 00:00:00','2000-01-01 00:00:00',NULL),(31,4,'高橋 和也','8669893  青森県野村市東区井上町吉本7-7-10 コーポ加藤106号','naoki.ishida@koizumi.jp',34,'090-1673-6585','2000-01-01 00:00:00','2000-01-01 00:00:00',NULL),(32,1,'山口 裕太','7363303  静岡県坂本市北区喜嶋町吉田4-5-7 ハイツ田中101号','nyamagishi@koizumi.jp',27,'090-6148-4783','2000-01-01 00:00:00','2000-01-01 00:00:00',NULL),(33,2,'小泉 英樹','5804431  島根県吉田市西区田中町山田6-10-2 ハイツ松本109号','nagisa.asuka@aota.org',51,'04-2372-7339','2000-01-01 00:00:00','2000-01-01 00:00:00',NULL),(34,3,'喜嶋 香織','5323891  鳥取県小泉市南区斉藤町木村10-4-1','kumiko56@gmail.com',54,'0300-541-528','2000-01-01 00:00:00','2000-01-01 00:00:00',NULL),(35,2,'中島 晃','2975537  兵庫県井高市中央区松本町小泉4-4-6 コーポ小泉104号','asuka49@hotmail.co.jp',47,'0360-523-495','2000-01-01 00:00:00','2000-01-01 00:00:00',NULL),(36,5,'井上 七夏','7792447  熊本県浜田市北区佐藤町廣川1-10-6','tanabe.takuma@yoshimoto.jp',39,'090-2302-9512','2000-01-01 00:00:00','2000-01-01 00:00:00',NULL),(37,1,'坂本 拓真','9729188  大阪府加納市北区山本町坂本2-7-3 ハイツ坂本103号','kyamamoto@yahoo.co.jp',21,'0060-341-339','2000-01-01 00:00:00','2000-01-01 00:00:00',NULL),(38,2,'喜嶋 陽子','5539109  大阪府中村市北区松本町江古田6-7-7','qsasaki@tanabe.org',41,'0480-207-294','2000-01-01 00:00:00','2000-01-01 00:00:00',NULL),(39,2,'笹田 裕太','1379676  和歌山県田中市南区山田町浜田6-1-8 コーポ木村102号','watanabe.kazuya@yahoo.co.jp',38,'074-580-2614','2000-01-01 00:00:00','2000-01-01 00:00:00',NULL),(40,1,'若松 花子','3391418  岡山県浜田市西区山本町杉山5-10-2 コーポ渡辺105号','efujimoto@hotmail.co.jp',50,'090-1005-5133','2000-01-01 00:00:00','2000-01-01 00:00:00',NULL),(41,5,'加納 裕美子','6077094  香川県山本市北区坂本町笹田5-1-1 コーポ若松103号','kobayashi.manabu@wakamatsu.com',49,'080-5632-1405','2000-01-01 00:00:00','2000-01-01 00:00:00',NULL),(42,2,'山田 さゆり','7453204  愛媛県西之園市中央区宮沢町宇野5-4-7 コーポ村山110号','kijima.kaori@hotmail.co.jp',29,'051-960-1655','2000-01-01 00:00:00','2000-01-01 00:00:00',NULL),(43,2,'木村 花子','4584397  佐賀県吉田市中央区坂本町井上9-1-8','ctsuda@hotmail.co.jp',32,'080-5676-7962','2000-01-01 00:00:00','2000-01-01 00:00:00',NULL),(44,1,'小泉 くみ子','3067666  鹿児島県笹田市北区杉山町渡辺6-7-5 ハイツ廣川109号','aekoda@uno.jp',56,'00909-2-0408','2000-01-01 00:00:00','2000-01-01 00:00:00',NULL),(45,1,'井上 知実','3345532  奈良県津田市中央区鈴木町青山9-9-6','nakajima.kana@kobayashi.jp',21,'0750-673-699','2000-01-01 00:00:00','2000-01-01 00:00:00',NULL),(46,4,'鈴木 桃子','7884289  福岡県三宅市中央区山本町江古田7-2-8 ハイツ佐々木108号','sakamoto.nanami@yahoo.co.jp',49,'0150-873-877','2000-01-01 00:00:00','2000-01-01 00:00:00',NULL),(47,1,'渚 翔太','2146165  福島県藤本市北区中津川町田中10-6-7 ハイツ青田103号','minoru.miyake@hotmail.co.jp',30,'090-7012-1790','2000-01-01 00:00:00','2000-01-01 00:00:00',NULL),(48,2,'近藤 千代','3713361  岡山県杉山市中央区吉田町田中5-1-9 ハイツ桐山103号','tanabe.yui@gmail.com',43,'0191-07-6955','2000-01-01 00:00:00','2000-01-01 00:00:00',NULL),(49,4,'吉田 七夏','1497029  青森県江古田市中央区青田町廣川8-10-10 ハイツ藤本109号','bhirokawa@gmail.com',52,'0062-94-2609','2000-01-01 00:00:00','2000-01-01 00:00:00',NULL),(50,1,'中津川 涼平','5991860  岡山県喜嶋市東区渚町杉山6-7-8 コーポ中村104号','asuka.koizumi@hotmail.co.jp',28,'007-899-5321','2000-01-01 00:00:00','2000-01-01 00:00:00',NULL),(51,3,'浜田 裕美子','2804054  茨城県西之園市南区宇野町工藤2-2-2 コーポ吉本108号','kimura.sayuri@mail.goo.ne.jp',47,'04-0932-5078','2000-01-01 00:00:00','2000-01-01 00:00:00',NULL),(52,5,'田辺 千代','7195445  京都府廣川市東区伊藤町小泉10-8-6 コーポ浜田107号','mikako.yamagishi@ishida.org',44,'04-4314-2867','2000-01-01 00:00:00','2000-01-01 00:00:00',NULL),(53,4,'加納 修平','6998376  静岡県田辺市東区若松町大垣7-2-9','kumiko.sasaki@aota.com',59,'0020-932-136','2000-01-01 00:00:00','2000-01-01 00:00:00',NULL),(54,4,'津田 直子','4443959  静岡県井高市北区山本町渚5-9-3','yasuhiro.kijima@saito.jp',33,'01-3826-9860','2000-01-01 00:00:00','2000-01-01 00:00:00',NULL),(55,5,'佐藤 充','3907810  長野県加納市北区斉藤町桐山1-3-9','tsubasa07@nakamura.info',24,'0051-60-6394','2000-01-01 00:00:00','2000-01-01 00:00:00',NULL),(56,2,'渡辺 里佳','5761726  青森県工藤市南区佐藤町喜嶋4-5-6','kijima.atsushi@kondo.jp',53,'07-4724-5406','2000-01-01 00:00:00','2000-01-01 00:00:00',NULL),(57,2,'近藤 裕美子','4004162  神奈川県宮沢市中央区野村町田辺10-2-7 ハイツ加藤107号','kondo.manabu@yahoo.co.jp',60,'00591-2-3173','2000-01-01 00:00:00','2000-01-01 00:00:00',NULL),(58,4,'山田 拓真','1115908  岩手県山本市中央区伊藤町若松3-7-7 ハイツ山田103号','gsugiyama@mail.goo.ne.jp',46,'00043-1-3931','2000-01-01 00:00:00','2000-01-01 00:00:00',NULL),(59,2,'大垣 翼','8562690  千葉県渚市南区田辺町青田7-6-7 コーポ中島104号','suzuki.mitsuru@mail.goo.ne.jp',39,'0780-28-8927','2000-01-01 00:00:00','2000-01-01 00:00:00',NULL),(60,4,'大垣 稔','2168972  石川県渡辺市北区浜田町小林4-8-9 コーポ吉本105号','tsakamoto@mail.goo.ne.jp',49,'065-824-3722','2000-01-01 00:00:00','2000-01-01 00:00:00',NULL),(61,2,'大垣 加奈','5221361  北海道中村市北区田辺町藤本5-10-10 ハイツ浜田110号','kyosuke32@mail.goo.ne.jp',29,'080-0440-5883','2000-01-01 00:00:00','2000-01-01 00:00:00',NULL),(62,4,'石田 裕樹','8643990  茨城県山岸市東区山田町渚3-4-1','atsushi88@mail.goo.ne.jp',54,'07519-1-3219','2000-01-01 00:00:00','2000-01-01 00:00:00',NULL),(63,4,'高橋 七夏','1823792  福岡県野村市北区山田町佐藤1-2-9 ハイツ中津川107号','watanabe.rei@sasaki.com',30,'09770-1-6945','2000-01-01 00:00:00','2000-01-01 00:00:00',NULL),(64,4,'笹田 京助','9472041  茨城県若松市北区津田町木村6-10-3','naoki.kato@mail.goo.ne.jp',58,'0710-398-580','2000-01-01 00:00:00','2000-01-01 00:00:00',NULL),(65,2,'田辺 里佳','6541692  埼玉県浜田市東区斉藤町吉田3-2-5','otanaka@kudo.info',24,'080-7484-3082','2000-01-01 00:00:00','2000-01-01 00:00:00',NULL),(66,4,'笹田 里佳','9882559  山梨県田辺市中央区加藤町渡辺6-5-5 コーポ松本104号','hiroshi21@sakamoto.com',29,'080-1920-7646','2000-01-01 00:00:00','2000-01-01 00:00:00',NULL),(67,5,'山本 拓真','5712107  京都府井高市北区宮沢町井上2-2-6 ハイツ吉本110号','myoshida@gmail.com',45,'080-6268-6417','2000-01-01 00:00:00','2000-01-01 00:00:00',NULL),(68,5,'斉藤 直人','1718775  宮城県原田市南区木村町田辺9-3-7','caota@nomura.info',43,'0940-385-745','2000-01-01 00:00:00','2000-01-01 00:00:00',NULL),(69,2,'山本 さゆり','2308906  大分県井高市東区藤本町鈴木10-4-10','kondo.yui@yahoo.co.jp',52,'0600-207-357','2000-01-01 00:00:00','2000-01-01 00:00:00',NULL),(70,4,'佐々木 くみ子','7647108  三重県杉山市南区宮沢町井高7-6-8 ハイツ杉山102号','haruka89@aoyama.jp',57,'010-233-0970','2000-01-01 00:00:00','2000-01-01 00:00:00',NULL),(71,3,'大垣 聡太郎','3283514  香川県若松市西区工藤町鈴木3-4-2','aogaki@gmail.com',45,'02218-9-8101','2000-01-01 00:00:00','2000-01-01 00:00:00',NULL),(72,3,'野村 千代','1355817  広島県鈴木市東区桐山町山岸9-10-7 ハイツ井上109号','akemi51@hotmail.co.jp',23,'05149-7-1320','2000-01-01 00:00:00','2000-01-01 00:00:00',NULL),(73,1,'中村 陽一','3416861  岩手県加納市東区田辺町青田7-7-8','nmatsumoto@nishinosono.jp',24,'08-6344-5526','2000-01-01 00:00:00','2000-01-01 00:00:00',NULL),(74,5,'青山 翼','9298182  愛媛県宇野市北区吉本町野村1-4-7','fkobayashi@hotmail.co.jp',57,'090-1735-2740','2000-01-01 00:00:00','2000-01-01 00:00:00',NULL),(75,2,'青山 充','9701929  茨城県若松市北区桐山町宮沢3-2-9','kenichi.hirokawa@nagisa.jp',48,'070-433-4519','2000-01-01 00:00:00','2000-01-01 00:00:00',NULL),(76,3,'石田 さゆり','9217611  長野県井高市東区宇野町廣川8-1-6 ハイツ三宅104号','kyosuke.aoyama@tsuda.jp',30,'080-2666-3597','2000-01-01 00:00:00','2000-01-01 00:00:00',NULL),(77,1,'山岸 舞','9867727  福井県中津川市南区井高町宮沢6-10-4','tsubasa63@miyake.com',39,'080-1876-5339','2000-01-01 00:00:00','2000-01-01 00:00:00',NULL),(78,4,'山口 桃子','2974219  沖縄県藤本市東区中島町小泉3-10-6','kumiko.yoshida@yamaguchi.info',26,'0380-52-0190','2000-01-01 00:00:00','2000-01-01 00:00:00',NULL),(79,1,'大垣 直人','3193887  徳島県渡辺市中央区松本町井高10-7-1 ハイツ野村106号','kyosuke.harada@nakajima.com',21,'0650-206-632','2000-01-01 00:00:00','2000-01-01 00:00:00',NULL),(80,4,'原田 結衣','4152316  石川県石田市北区渡辺町中村5-9-6','atsushi.miyake@gmail.com',49,'0980-575-481','2000-01-01 00:00:00','2000-01-01 00:00:00',NULL),(81,2,'小林 修平','8161670  兵庫県桐山市南区渚町工藤9-9-1','asuka03@nomura.jp',49,'0244-49-9345','2000-01-01 00:00:00','2000-01-01 00:00:00',NULL),(82,2,'中村 陽一','5195672  高知県松本市西区松本町渡辺10-2-3 コーポ井上106号','jharada@kato.com',56,'070-445-8010','2000-01-01 00:00:00','2000-01-01 00:00:00',NULL),(83,2,'近藤 知実','8803227  兵庫県木村市西区大垣町若松6-7-8 コーポ中村108号','yfujimoto@koizumi.jp',58,'0530-72-2743','2000-01-01 00:00:00','2000-01-01 00:00:00',NULL),(84,5,'吉本 里佳','5819103  京都府青田市中央区宇野町坂本2-5-2 ハイツ江古田106号','soutaro.yamagishi@kanou.info',36,'090-6893-1824','2000-01-01 00:00:00','2000-01-01 00:00:00',NULL),(85,5,'喜嶋 知実','7883454  鳥取県野村市北区野村町山田2-5-3 コーポ山岸101号','nanami.sasaki@gmail.com',29,'0103-90-4164','2000-01-01 00:00:00','2000-01-01 00:00:00',NULL),(86,2,'山本 亮介','5285832  山梨県喜嶋市北区原田町村山2-3-9 コーポ加藤110号','miki20@yahoo.co.jp',53,'0530-413-335','2000-01-01 00:00:00','2000-01-01 00:00:00',NULL),(87,1,'宇野 亮介','8088006  鹿児島県工藤市中央区佐々木町木村2-7-8','hiroshi22@nakajima.org',24,'055-595-6164','2000-01-01 00:00:00','2000-01-01 00:00:00',NULL),(88,2,'工藤 拓真','9094688  長崎県高橋市西区山口町吉田2-9-9 コーポ江古田104号','koizumi.ryosuke@mail.goo.ne.jp',28,'080-8842-3209','2000-01-01 00:00:00','2000-01-01 00:00:00',NULL),(89,4,'山口 洋介','8656711  滋賀県津田市中央区井上町加藤2-7-4 コーポ松本101号','rmurayama@mail.goo.ne.jp',36,'01-1971-9317','2000-01-01 00:00:00','2000-01-01 00:00:00',NULL),(90,1,'村山 陽子','1902118  秋田県坂本市南区小泉町中津川8-9-4','kumiko99@fujimoto.com',54,'0690-514-293','2000-01-01 00:00:00','2000-01-01 00:00:00',NULL),(91,4,'中島 亮介','6654972  宮崎県中津川市北区山口町佐々木9-9-3','kumiko.takahashi@hotmail.co.jp',22,'07200-1-4882','2000-01-01 00:00:00','2000-01-01 00:00:00',NULL),(92,3,'大垣 修平','7507538  鳥取県宇野市東区山口町石田10-1-5 コーポ宮沢101号','tomoya.ishida@wakamatsu.com',37,'0160-430-799','2000-01-01 00:00:00','2000-01-01 00:00:00',NULL),(93,3,'木村 七夏','8839586  茨城県西之園市東区山本町山田9-8-9','tsasaki@kato.net',47,'0092-78-4705','2000-01-01 00:00:00','2000-01-01 00:00:00',NULL),(94,3,'笹田 零','9051543  東京都青田市中央区若松町杉山5-2-3','zishida@gmail.com',37,'02358-1-2127','2000-01-01 00:00:00','2000-01-01 00:00:00',NULL),(95,5,'三宅 修平','7213980  三重県高橋市西区中津川町渡辺5-4-6 コーポ藤本103号','kyosuke.saito@gmail.com',33,'0853-67-4115','2000-01-01 00:00:00','2000-01-01 00:00:00',NULL),(96,2,'吉田 聡太郎','8545679  熊本県原田市北区青山町中津川9-4-8','fujimoto.taro@mail.goo.ne.jp',29,'090-4661-5291','2000-01-01 00:00:00','2000-01-01 00:00:00',NULL),(97,1,'藤本 陽一','6034637  青森県大垣市北区工藤町三宅5-9-9','aota.chiyo@saito.com',23,'090-5962-6661','2000-01-01 00:00:00','2000-01-01 00:00:00',NULL),(98,1,'山岸 結衣','1997984  佐賀県近藤市南区中津川町宮沢3-7-9 ハイツ渡辺107号','momoko33@mail.goo.ne.jp',55,'07-3919-0560','2000-01-01 00:00:00','2000-01-01 00:00:00',NULL),(99,4,'喜嶋 零','8722129  滋賀県桐山市南区喜嶋町浜田8-1-7 コーポ山田108号','youichi.kato@sakamoto.net',54,'080-4915-4990','2000-01-01 00:00:00','2000-01-01 00:00:00',NULL),(100,5,'三宅 浩','5638877  北海道中津川市中央区吉本町喜嶋4-8-3','manabu.sasaki@gmail.com',22,'0000-916-800','2000-01-01 00:00:00','2000-01-01 00:00:00',NULL);
/*!40000 ALTER TABLE `employees` ENABLE KEYS */;
UNLOCK TABLES;

--
-- Table structure for table `migrations`
--

DROP TABLE IF EXISTS `migrations`;
/*!40101 SET @saved_cs_client     = @@character_set_client */;
/*!50503 SET character_set_client = utf8mb4 */;
CREATE TABLE `migrations` (
  `id` int unsigned NOT NULL AUTO_INCREMENT,
  `migration` varchar(255) COLLATE utf8mb4_unicode_ci NOT NULL,
  `batch` int NOT NULL,
  PRIMARY KEY (`id`)
) ENGINE=InnoDB AUTO_INCREMENT=2 DEFAULT CHARSET=utf8mb4 COLLATE=utf8mb4_unicode_ci;
/*!40101 SET character_set_client = @saved_cs_client */;

--
-- Dumping data for table `migrations`
--

LOCK TABLES `migrations` WRITE;
/*!40000 ALTER TABLE `migrations` DISABLE KEYS */;
INSERT INTO `migrations` VALUES (1,'2021_10_05_174114_create_sample_table',1);
/*!40000 ALTER TABLE `migrations` ENABLE KEYS */;
UNLOCK TABLES;

--
-- Table structure for table `salary`
--

DROP TABLE IF EXISTS `salary`;
/*!40101 SET @saved_cs_client     = @@character_set_client */;
/*!50503 SET character_set_client = utf8mb4 */;
CREATE TABLE `salary` (
  `id` int unsigned NOT NULL AUTO_INCREMENT COMMENT 'とりあえずID',
  `employee_id` int NOT NULL COMMENT '従業員ID',
  `year` int NOT NULL COMMENT '年度',
  `amount` varchar(255) COLLATE utf8mb4_unicode_ci NOT NULL COMMENT '年収',
  `created_at` timestamp NULL DEFAULT NULL,
  `updated_at` timestamp NULL DEFAULT NULL,
  `deleted_at` timestamp NULL DEFAULT NULL,
  PRIMARY KEY (`id`)
) ENGINE=InnoDB AUTO_INCREMENT=401 DEFAULT CHARSET=utf8mb4 COLLATE=utf8mb4_unicode_ci;
/*!40101 SET character_set_client = @saved_cs_client */;

--
-- Dumping data for table `salary`
--

LOCK TABLES `salary` WRITE;
/*!40000 ALTER TABLE `salary` DISABLE KEYS */;
INSERT INTO `salary` VALUES (1,1,2019,'906','2020-01-01 00:00:00','2020-01-01 00:00:00','2020-01-05 00:00:00'),(2,1,2019,'585','2020-01-05 00:00:00','2020-01-05 00:00:00',NULL),(3,2,2019,'1456','2020-01-01 00:00:00','2020-01-01 00:00:00','2020-01-05 00:00:00'),(4,2,2019,'252','2020-01-05 00:00:00','2020-01-05 00:00:00',NULL),(5,3,2019,'487','2020-01-01 00:00:00','2020-01-01 00:00:00','2020-01-05 00:00:00'),(6,3,2019,'213','2020-01-05 00:00:00','2020-01-05 00:00:00',NULL),(7,4,2019,'1045','2020-01-01 00:00:00','2020-01-01 00:00:00','2020-01-05 00:00:00'),(8,4,2019,'329','2020-01-05 00:00:00','2020-01-05 00:00:00',NULL),(9,5,2019,'856','2020-01-01 00:00:00','2020-01-01 00:00:00','2020-01-05 00:00:00'),(10,5,2019,'735','2020-01-05 00:00:00','2020-01-05 00:00:00',NULL),(11,6,2019,'1071','2020-01-01 00:00:00','2020-01-01 00:00:00','2020-01-05 00:00:00'),(12,6,2019,'760','2020-01-05 00:00:00','2020-01-05 00:00:00',NULL),(13,7,2019,'1241','2020-01-01 00:00:00','2020-01-01 00:00:00','2020-01-05 00:00:00'),(14,7,2019,'213','2020-01-05 00:00:00','2020-01-05 00:00:00',NULL),(15,8,2019,'1333','2020-01-01 00:00:00','2020-01-01 00:00:00','2020-01-05 00:00:00'),(16,8,2019,'561','2020-01-05 00:00:00','2020-01-05 00:00:00',NULL),(17,9,2019,'875','2020-01-01 00:00:00','2020-01-01 00:00:00','2020-01-05 00:00:00'),(18,9,2019,'765','2020-01-05 00:00:00','2020-01-05 00:00:00',NULL),(19,10,2019,'851','2020-01-01 00:00:00','2020-01-01 00:00:00','2020-01-05 00:00:00'),(20,10,2019,'787','2020-01-05 00:00:00','2020-01-05 00:00:00',NULL),(21,11,2019,'621','2020-01-01 00:00:00','2020-01-01 00:00:00','2020-01-05 00:00:00'),(22,11,2019,'706','2020-01-05 00:00:00','2020-01-05 00:00:00',NULL),(23,12,2019,'1371','2020-01-01 00:00:00','2020-01-01 00:00:00','2020-01-05 00:00:00'),(24,12,2019,'1196','2020-01-05 00:00:00','2020-01-05 00:00:00',NULL),(25,13,2019,'599','2020-01-01 00:00:00','2020-01-01 00:00:00','2020-01-05 00:00:00'),(26,13,2019,'1075','2020-01-05 00:00:00','2020-01-05 00:00:00',NULL),(27,14,2019,'531','2020-01-01 00:00:00','2020-01-01 00:00:00','2020-01-05 00:00:00'),(28,14,2019,'921','2020-01-05 00:00:00','2020-01-05 00:00:00',NULL),(29,15,2019,'723','2020-01-01 00:00:00','2020-01-01 00:00:00','2020-01-05 00:00:00'),(30,15,2019,'775','2020-01-05 00:00:00','2020-01-05 00:00:00',NULL),(31,16,2019,'1244','2020-01-01 00:00:00','2020-01-01 00:00:00','2020-01-05 00:00:00'),(32,16,2019,'1006','2020-01-05 00:00:00','2020-01-05 00:00:00',NULL),(33,17,2019,'325','2020-01-01 00:00:00','2020-01-01 00:00:00','2020-01-05 00:00:00'),(34,17,2019,'719','2020-01-05 00:00:00','2020-01-05 00:00:00',NULL),(35,18,2019,'227','2020-01-01 00:00:00','2020-01-01 00:00:00','2020-01-05 00:00:00'),(36,18,2019,'609','2020-01-05 00:00:00','2020-01-05 00:00:00',NULL),(37,19,2019,'674','2020-01-01 00:00:00','2020-01-01 00:00:00','2020-01-05 00:00:00'),(38,19,2019,'845','2020-01-05 00:00:00','2020-01-05 00:00:00',NULL),(39,20,2019,'522','2020-01-01 00:00:00','2020-01-01 00:00:00','2020-01-05 00:00:00'),(40,20,2019,'564','2020-01-05 00:00:00','2020-01-05 00:00:00',NULL),(41,21,2019,'402','2020-01-01 00:00:00','2020-01-01 00:00:00','2020-01-05 00:00:00'),(42,21,2019,'604','2020-01-05 00:00:00','2020-01-05 00:00:00',NULL),(43,22,2019,'1181','2020-01-01 00:00:00','2020-01-01 00:00:00','2020-01-05 00:00:00'),(44,22,2019,'448','2020-01-05 00:00:00','2020-01-05 00:00:00',NULL),(45,23,2019,'1218','2020-01-01 00:00:00','2020-01-01 00:00:00','2020-01-05 00:00:00'),(46,23,2019,'664','2020-01-05 00:00:00','2020-01-05 00:00:00',NULL),(47,24,2019,'1500','2020-01-01 00:00:00','2020-01-01 00:00:00','2020-01-05 00:00:00'),(48,24,2019,'679','2020-01-05 00:00:00','2020-01-05 00:00:00',NULL),(49,25,2019,'903','2020-01-01 00:00:00','2020-01-01 00:00:00','2020-01-05 00:00:00'),(50,25,2019,'630','2020-01-05 00:00:00','2020-01-05 00:00:00',NULL),(51,26,2019,'599','2020-01-01 00:00:00','2020-01-01 00:00:00','2020-01-05 00:00:00'),(52,26,2019,'396','2020-01-05 00:00:00','2020-01-05 00:00:00',NULL),(53,27,2019,'1079','2020-01-01 00:00:00','2020-01-01 00:00:00','2020-01-05 00:00:00'),(54,27,2019,'596','2020-01-05 00:00:00','2020-01-05 00:00:00',NULL),(55,28,2019,'408','2020-01-01 00:00:00','2020-01-01 00:00:00','2020-01-05 00:00:00'),(56,28,2019,'525','2020-01-05 00:00:00','2020-01-05 00:00:00',NULL),(57,29,2019,'1021','2020-01-01 00:00:00','2020-01-01 00:00:00','2020-01-05 00:00:00'),(58,29,2019,'1100','2020-01-05 00:00:00','2020-01-05 00:00:00',NULL),(59,30,2019,'461','2020-01-01 00:00:00','2020-01-01 00:00:00','2020-01-05 00:00:00'),(60,30,2019,'561','2020-01-05 00:00:00','2020-01-05 00:00:00',NULL),(61,31,2019,'594','2020-01-01 00:00:00','2020-01-01 00:00:00','2020-01-05 00:00:00'),(62,31,2019,'1035','2020-01-05 00:00:00','2020-01-05 00:00:00',NULL),(63,32,2019,'480','2020-01-01 00:00:00','2020-01-01 00:00:00','2020-01-05 00:00:00'),(64,32,2019,'727','2020-01-05 00:00:00','2020-01-05 00:00:00',NULL),(65,33,2019,'321','2020-01-01 00:00:00','2020-01-01 00:00:00','2020-01-05 00:00:00'),(66,33,2019,'209','2020-01-05 00:00:00','2020-01-05 00:00:00',NULL),(67,34,2019,'1110','2020-01-01 00:00:00','2020-01-01 00:00:00','2020-01-05 00:00:00'),(68,34,2019,'360','2020-01-05 00:00:00','2020-01-05 00:00:00',NULL),(69,35,2019,'1472','2020-01-01 00:00:00','2020-01-01 00:00:00','2020-01-05 00:00:00'),(70,35,2019,'796','2020-01-05 00:00:00','2020-01-05 00:00:00',NULL),(71,36,2019,'269','2020-01-01 00:00:00','2020-01-01 00:00:00','2020-01-05 00:00:00'),(72,36,2019,'404','2020-01-05 00:00:00','2020-01-05 00:00:00',NULL),(73,37,2019,'355','2020-01-01 00:00:00','2020-01-01 00:00:00','2020-01-05 00:00:00'),(74,37,2019,'213','2020-01-05 00:00:00','2020-01-05 00:00:00',NULL),(75,38,2019,'498','2020-01-01 00:00:00','2020-01-01 00:00:00','2020-01-05 00:00:00'),(76,38,2019,'425','2020-01-05 00:00:00','2020-01-05 00:00:00',NULL),(77,39,2019,'1452','2020-01-01 00:00:00','2020-01-01 00:00:00','2020-01-05 00:00:00'),(78,39,2019,'365','2020-01-05 00:00:00','2020-01-05 00:00:00',NULL),(79,40,2019,'545','2020-01-01 00:00:00','2020-01-01 00:00:00','2020-01-05 00:00:00'),(80,40,2019,'760','2020-01-05 00:00:00','2020-01-05 00:00:00',NULL),(81,41,2019,'504','2020-01-01 00:00:00','2020-01-01 00:00:00','2020-01-05 00:00:00'),(82,41,2019,'411','2020-01-05 00:00:00','2020-01-05 00:00:00',NULL),(83,42,2019,'907','2020-01-01 00:00:00','2020-01-01 00:00:00','2020-01-05 00:00:00'),(84,42,2019,'409','2020-01-05 00:00:00','2020-01-05 00:00:00',NULL),(85,43,2019,'782','2020-01-01 00:00:00','2020-01-01 00:00:00','2020-01-05 00:00:00'),(86,43,2019,'502','2020-01-05 00:00:00','2020-01-05 00:00:00',NULL),(87,44,2019,'432','2020-01-01 00:00:00','2020-01-01 00:00:00','2020-01-05 00:00:00'),(88,44,2019,'522','2020-01-05 00:00:00','2020-01-05 00:00:00',NULL),(89,45,2019,'1072','2020-01-01 00:00:00','2020-01-01 00:00:00','2020-01-05 00:00:00'),(90,45,2019,'766','2020-01-05 00:00:00','2020-01-05 00:00:00',NULL),(91,46,2019,'1427','2020-01-01 00:00:00','2020-01-01 00:00:00','2020-01-05 00:00:00'),(92,46,2019,'262','2020-01-05 00:00:00','2020-01-05 00:00:00',NULL),(93,47,2019,'1190','2020-01-01 00:00:00','2020-01-01 00:00:00','2020-01-05 00:00:00'),(94,47,2019,'714','2020-01-05 00:00:00','2020-01-05 00:00:00',NULL),(95,48,2019,'346','2020-01-01 00:00:00','2020-01-01 00:00:00','2020-01-05 00:00:00'),(96,48,2019,'289','2020-01-05 00:00:00','2020-01-05 00:00:00',NULL),(97,49,2019,'442','2020-01-01 00:00:00','2020-01-01 00:00:00','2020-01-05 00:00:00'),(98,49,2019,'1031','2020-01-05 00:00:00','2020-01-05 00:00:00',NULL),(99,50,2019,'527','2020-01-01 00:00:00','2020-01-01 00:00:00','2020-01-05 00:00:00'),(100,50,2019,'481','2020-01-05 00:00:00','2020-01-05 00:00:00',NULL),(101,51,2019,'1015','2020-01-01 00:00:00','2020-01-01 00:00:00','2020-01-05 00:00:00'),(102,51,2019,'1196','2020-01-05 00:00:00','2020-01-05 00:00:00',NULL),(103,52,2019,'695','2020-01-01 00:00:00','2020-01-01 00:00:00','2020-01-05 00:00:00'),(104,52,2019,'253','2020-01-05 00:00:00','2020-01-05 00:00:00',NULL),(105,53,2019,'445','2020-01-01 00:00:00','2020-01-01 00:00:00','2020-01-05 00:00:00'),(106,53,2019,'360','2020-01-05 00:00:00','2020-01-05 00:00:00',NULL),(107,54,2019,'445','2020-01-01 00:00:00','2020-01-01 00:00:00','2020-01-05 00:00:00'),(108,54,2019,'638','2020-01-05 00:00:00','2020-01-05 00:00:00',NULL),(109,55,2019,'664','2020-01-01 00:00:00','2020-01-01 00:00:00','2020-01-05 00:00:00'),(110,55,2019,'790','2020-01-05 00:00:00','2020-01-05 00:00:00',NULL),(111,56,2019,'1094','2020-01-01 00:00:00','2020-01-01 00:00:00','2020-01-05 00:00:00'),(112,56,2019,'221','2020-01-05 00:00:00','2020-01-05 00:00:00',NULL),(113,57,2019,'870','2020-01-01 00:00:00','2020-01-01 00:00:00','2020-01-05 00:00:00'),(114,57,2019,'572','2020-01-05 00:00:00','2020-01-05 00:00:00',NULL),(115,58,2019,'956','2020-01-01 00:00:00','2020-01-01 00:00:00','2020-01-05 00:00:00'),(116,58,2019,'1177','2020-01-05 00:00:00','2020-01-05 00:00:00',NULL),(117,59,2019,'1237','2020-01-01 00:00:00','2020-01-01 00:00:00','2020-01-05 00:00:00'),(118,59,2019,'486','2020-01-05 00:00:00','2020-01-05 00:00:00',NULL),(119,60,2019,'1315','2020-01-01 00:00:00','2020-01-01 00:00:00','2020-01-05 00:00:00'),(120,60,2019,'693','2020-01-05 00:00:00','2020-01-05 00:00:00',NULL),(121,61,2019,'1181','2020-01-01 00:00:00','2020-01-01 00:00:00','2020-01-05 00:00:00'),(122,61,2019,'486','2020-01-05 00:00:00','2020-01-05 00:00:00',NULL),(123,62,2019,'269','2020-01-01 00:00:00','2020-01-01 00:00:00','2020-01-05 00:00:00'),(124,62,2019,'368','2020-01-05 00:00:00','2020-01-05 00:00:00',NULL),(125,63,2019,'799','2020-01-01 00:00:00','2020-01-01 00:00:00','2020-01-05 00:00:00'),(126,63,2019,'1014','2020-01-05 00:00:00','2020-01-05 00:00:00',NULL),(127,64,2019,'700','2020-01-01 00:00:00','2020-01-01 00:00:00','2020-01-05 00:00:00'),(128,64,2019,'629','2020-01-05 00:00:00','2020-01-05 00:00:00',NULL),(129,65,2019,'1349','2020-01-01 00:00:00','2020-01-01 00:00:00','2020-01-05 00:00:00'),(130,65,2019,'411','2020-01-05 00:00:00','2020-01-05 00:00:00',NULL),(131,66,2019,'1251','2020-01-01 00:00:00','2020-01-01 00:00:00','2020-01-05 00:00:00'),(132,66,2019,'1082','2020-01-05 00:00:00','2020-01-05 00:00:00',NULL),(133,67,2019,'436','2020-01-01 00:00:00','2020-01-01 00:00:00','2020-01-05 00:00:00'),(134,67,2019,'1050','2020-01-05 00:00:00','2020-01-05 00:00:00',NULL),(135,68,2019,'922','2020-01-01 00:00:00','2020-01-01 00:00:00','2020-01-05 00:00:00'),(136,68,2019,'388','2020-01-05 00:00:00','2020-01-05 00:00:00',NULL),(137,69,2019,'1011','2020-01-01 00:00:00','2020-01-01 00:00:00','2020-01-05 00:00:00'),(138,69,2019,'823','2020-01-05 00:00:00','2020-01-05 00:00:00',NULL),(139,70,2019,'378','2020-01-01 00:00:00','2020-01-01 00:00:00','2020-01-05 00:00:00'),(140,70,2019,'1078','2020-01-05 00:00:00','2020-01-05 00:00:00',NULL),(141,71,2019,'1356','2020-01-01 00:00:00','2020-01-01 00:00:00','2020-01-05 00:00:00'),(142,71,2019,'281','2020-01-05 00:00:00','2020-01-05 00:00:00',NULL),(143,72,2019,'1266','2020-01-01 00:00:00','2020-01-01 00:00:00','2020-01-05 00:00:00'),(144,72,2019,'533','2020-01-05 00:00:00','2020-01-05 00:00:00',NULL),(145,73,2019,'883','2020-01-01 00:00:00','2020-01-01 00:00:00','2020-01-05 00:00:00'),(146,73,2019,'445','2020-01-05 00:00:00','2020-01-05 00:00:00',NULL),(147,74,2019,'962','2020-01-01 00:00:00','2020-01-01 00:00:00','2020-01-05 00:00:00'),(148,74,2019,'1195','2020-01-05 00:00:00','2020-01-05 00:00:00',NULL),(149,75,2019,'1009','2020-01-01 00:00:00','2020-01-01 00:00:00','2020-01-05 00:00:00'),(150,75,2019,'726','2020-01-05 00:00:00','2020-01-05 00:00:00',NULL),(151,76,2019,'1031','2020-01-01 00:00:00','2020-01-01 00:00:00','2020-01-05 00:00:00'),(152,76,2019,'982','2020-01-05 00:00:00','2020-01-05 00:00:00',NULL),(153,77,2019,'1270','2020-01-01 00:00:00','2020-01-01 00:00:00','2020-01-05 00:00:00'),(154,77,2019,'1197','2020-01-05 00:00:00','2020-01-05 00:00:00',NULL),(155,78,2019,'749','2020-01-01 00:00:00','2020-01-01 00:00:00','2020-01-05 00:00:00'),(156,78,2019,'621','2020-01-05 00:00:00','2020-01-05 00:00:00',NULL),(157,79,2019,'1171','2020-01-01 00:00:00','2020-01-01 00:00:00','2020-01-05 00:00:00'),(158,79,2019,'1177','2020-01-05 00:00:00','2020-01-05 00:00:00',NULL),(159,80,2019,'1343','2020-01-01 00:00:00','2020-01-01 00:00:00','2020-01-05 00:00:00'),(160,80,2019,'963','2020-01-05 00:00:00','2020-01-05 00:00:00',NULL),(161,81,2019,'1431','2020-01-01 00:00:00','2020-01-01 00:00:00','2020-01-05 00:00:00'),(162,81,2019,'858','2020-01-05 00:00:00','2020-01-05 00:00:00',NULL),(163,82,2019,'1311','2020-01-01 00:00:00','2020-01-01 00:00:00','2020-01-05 00:00:00'),(164,82,2019,'1177','2020-01-05 00:00:00','2020-01-05 00:00:00',NULL),(165,83,2019,'927','2020-01-01 00:00:00','2020-01-01 00:00:00','2020-01-05 00:00:00'),(166,83,2019,'265','2020-01-05 00:00:00','2020-01-05 00:00:00',NULL),(167,84,2019,'1408','2020-01-01 00:00:00','2020-01-01 00:00:00','2020-01-05 00:00:00'),(168,84,2019,'334','2020-01-05 00:00:00','2020-01-05 00:00:00',NULL),(169,85,2019,'1372','2020-01-01 00:00:00','2020-01-01 00:00:00','2020-01-05 00:00:00'),(170,85,2019,'263','2020-01-05 00:00:00','2020-01-05 00:00:00',NULL),(171,86,2019,'1095','2020-01-01 00:00:00','2020-01-01 00:00:00','2020-01-05 00:00:00'),(172,86,2019,'703','2020-01-05 00:00:00','2020-01-05 00:00:00',NULL),(173,87,2019,'1354','2020-01-01 00:00:00','2020-01-01 00:00:00','2020-01-05 00:00:00'),(174,87,2019,'633','2020-01-05 00:00:00','2020-01-05 00:00:00',NULL),(175,88,2019,'954','2020-01-01 00:00:00','2020-01-01 00:00:00','2020-01-05 00:00:00'),(176,88,2019,'987','2020-01-05 00:00:00','2020-01-05 00:00:00',NULL),(177,89,2019,'819','2020-01-01 00:00:00','2020-01-01 00:00:00','2020-01-05 00:00:00'),(178,89,2019,'653','2020-01-05 00:00:00','2020-01-05 00:00:00',NULL),(179,90,2019,'756','2020-01-01 00:00:00','2020-01-01 00:00:00','2020-01-05 00:00:00'),(180,90,2019,'262','2020-01-05 00:00:00','2020-01-05 00:00:00',NULL),(181,91,2019,'555','2020-01-01 00:00:00','2020-01-01 00:00:00','2020-01-05 00:00:00'),(182,91,2019,'252','2020-01-05 00:00:00','2020-01-05 00:00:00',NULL),(183,92,2019,'1165','2020-01-01 00:00:00','2020-01-01 00:00:00','2020-01-05 00:00:00'),(184,92,2019,'1018','2020-01-05 00:00:00','2020-01-05 00:00:00',NULL),(185,93,2019,'516','2020-01-01 00:00:00','2020-01-01 00:00:00','2020-01-05 00:00:00'),(186,93,2019,'271','2020-01-05 00:00:00','2020-01-05 00:00:00',NULL),(187,94,2019,'1484','2020-01-01 00:00:00','2020-01-01 00:00:00','2020-01-05 00:00:00'),(188,94,2019,'366','2020-01-05 00:00:00','2020-01-05 00:00:00',NULL),(189,95,2019,'1278','2020-01-01 00:00:00','2020-01-01 00:00:00','2020-01-05 00:00:00'),(190,95,2019,'770','2020-01-05 00:00:00','2020-01-05 00:00:00',NULL),(191,96,2019,'327','2020-01-01 00:00:00','2020-01-01 00:00:00','2020-01-05 00:00:00'),(192,96,2019,'1131','2020-01-05 00:00:00','2020-01-05 00:00:00',NULL),(193,97,2019,'307','2020-01-01 00:00:00','2020-01-01 00:00:00','2020-01-05 00:00:00'),(194,97,2019,'734','2020-01-05 00:00:00','2020-01-05 00:00:00',NULL),(195,98,2019,'1180','2020-01-01 00:00:00','2020-01-01 00:00:00','2020-01-05 00:00:00'),(196,98,2019,'752','2020-01-05 00:00:00','2020-01-05 00:00:00',NULL),(197,99,2019,'233','2020-01-01 00:00:00','2020-01-01 00:00:00','2020-01-05 00:00:00'),(198,99,2019,'757','2020-01-05 00:00:00','2020-01-05 00:00:00',NULL),(199,100,2019,'905','2020-01-01 00:00:00','2020-01-01 00:00:00','2020-01-05 00:00:00'),(200,100,2019,'916','2020-01-05 00:00:00','2020-01-05 00:00:00',NULL),(201,1,2020,'535','2021-01-01 00:00:00','2021-01-01 00:00:00','2021-01-05 00:00:00'),(202,1,2020,'720','2021-01-05 00:00:00','2021-01-05 00:00:00',NULL),(203,2,2020,'295','2021-01-01 00:00:00','2021-01-01 00:00:00','2021-01-05 00:00:00'),(204,2,2020,'857','2021-01-05 00:00:00','2021-01-05 00:00:00',NULL),(205,3,2020,'1225','2021-01-01 00:00:00','2021-01-01 00:00:00','2021-01-05 00:00:00'),(206,3,2020,'1054','2021-01-05 00:00:00','2021-01-05 00:00:00',NULL),(207,4,2020,'577','2021-01-01 00:00:00','2021-01-01 00:00:00','2021-01-05 00:00:00'),(208,4,2020,'687','2021-01-05 00:00:00','2021-01-05 00:00:00',NULL),(209,5,2020,'1450','2021-01-01 00:00:00','2021-01-01 00:00:00','2021-01-05 00:00:00'),(210,5,2020,'587','2021-01-05 00:00:00','2021-01-05 00:00:00',NULL),(211,6,2020,'1448','2021-01-01 00:00:00','2021-01-01 00:00:00','2021-01-05 00:00:00'),(212,6,2020,'1155','2021-01-05 00:00:00','2021-01-05 00:00:00',NULL),(213,7,2020,'950','2021-01-01 00:00:00','2021-01-01 00:00:00','2021-01-05 00:00:00'),(214,7,2020,'713','2021-01-05 00:00:00','2021-01-05 00:00:00',NULL),(215,8,2020,'460','2021-01-01 00:00:00','2021-01-01 00:00:00','2021-01-05 00:00:00'),(216,8,2020,'604','2021-01-05 00:00:00','2021-01-05 00:00:00',NULL),(217,9,2020,'491','2021-01-01 00:00:00','2021-01-01 00:00:00','2021-01-05 00:00:00'),(218,9,2020,'787','2021-01-05 00:00:00','2021-01-05 00:00:00',NULL),(219,10,2020,'1251','2021-01-01 00:00:00','2021-01-01 00:00:00','2021-01-05 00:00:00'),(220,10,2020,'873','2021-01-05 00:00:00','2021-01-05 00:00:00',NULL),(221,11,2020,'1035','2021-01-01 00:00:00','2021-01-01 00:00:00','2021-01-05 00:00:00'),(222,11,2020,'534','2021-01-05 00:00:00','2021-01-05 00:00:00',NULL),(223,12,2020,'1162','2021-01-01 00:00:00','2021-01-01 00:00:00','2021-01-05 00:00:00'),(224,12,2020,'428','2021-01-05 00:00:00','2021-01-05 00:00:00',NULL),(225,13,2020,'1322','2021-01-01 00:00:00','2021-01-01 00:00:00','2021-01-05 00:00:00'),(226,13,2020,'647','2021-01-05 00:00:00','2021-01-05 00:00:00',NULL),(227,14,2020,'1444','2021-01-01 00:00:00','2021-01-01 00:00:00','2021-01-05 00:00:00'),(228,14,2020,'706','2021-01-05 00:00:00','2021-01-05 00:00:00',NULL),(229,15,2020,'1331','2021-01-01 00:00:00','2021-01-01 00:00:00','2021-01-05 00:00:00'),(230,15,2020,'668','2021-01-05 00:00:00','2021-01-05 00:00:00',NULL),(231,16,2020,'331','2021-01-01 00:00:00','2021-01-01 00:00:00','2021-01-05 00:00:00'),(232,16,2020,'596','2021-01-05 00:00:00','2021-01-05 00:00:00',NULL),(233,17,2020,'607','2021-01-01 00:00:00','2021-01-01 00:00:00','2021-01-05 00:00:00'),(234,17,2020,'646','2021-01-05 00:00:00','2021-01-05 00:00:00',NULL),(235,18,2020,'220','2021-01-01 00:00:00','2021-01-01 00:00:00','2021-01-05 00:00:00'),(236,18,2020,'1078','2021-01-05 00:00:00','2021-01-05 00:00:00',NULL),(237,19,2020,'871','2021-01-01 00:00:00','2021-01-01 00:00:00','2021-01-05 00:00:00'),(238,19,2020,'1071','2021-01-05 00:00:00','2021-01-05 00:00:00',NULL),(239,20,2020,'1497','2021-01-01 00:00:00','2021-01-01 00:00:00','2021-01-05 00:00:00'),(240,20,2020,'544','2021-01-05 00:00:00','2021-01-05 00:00:00',NULL),(241,21,2020,'895','2021-01-01 00:00:00','2021-01-01 00:00:00','2021-01-05 00:00:00'),(242,21,2020,'989','2021-01-05 00:00:00','2021-01-05 00:00:00',NULL),(243,22,2020,'862','2021-01-01 00:00:00','2021-01-01 00:00:00','2021-01-05 00:00:00'),(244,22,2020,'596','2021-01-05 00:00:00','2021-01-05 00:00:00',NULL),(245,23,2020,'862','2021-01-01 00:00:00','2021-01-01 00:00:00','2021-01-05 00:00:00'),(246,23,2020,'580','2021-01-05 00:00:00','2021-01-05 00:00:00',NULL),(247,24,2020,'1488','2021-01-01 00:00:00','2021-01-01 00:00:00','2021-01-05 00:00:00'),(248,24,2020,'259','2021-01-05 00:00:00','2021-01-05 00:00:00',NULL),(249,25,2020,'692','2021-01-01 00:00:00','2021-01-01 00:00:00','2021-01-05 00:00:00'),(250,25,2020,'552','2021-01-05 00:00:00','2021-01-05 00:00:00',NULL),(251,26,2020,'805','2021-01-01 00:00:00','2021-01-01 00:00:00','2021-01-05 00:00:00'),(252,26,2020,'400','2021-01-05 00:00:00','2021-01-05 00:00:00',NULL),(253,27,2020,'590','2021-01-01 00:00:00','2021-01-01 00:00:00','2021-01-05 00:00:00'),(254,27,2020,'1171','2021-01-05 00:00:00','2021-01-05 00:00:00',NULL),(255,28,2020,'1277','2021-01-01 00:00:00','2021-01-01 00:00:00','2021-01-05 00:00:00'),(256,28,2020,'690','2021-01-05 00:00:00','2021-01-05 00:00:00',NULL),(257,29,2020,'223','2021-01-01 00:00:00','2021-01-01 00:00:00','2021-01-05 00:00:00'),(258,29,2020,'413','2021-01-05 00:00:00','2021-01-05 00:00:00',NULL),(259,30,2020,'723','2021-01-01 00:00:00','2021-01-01 00:00:00','2021-01-05 00:00:00'),(260,30,2020,'831','2021-01-05 00:00:00','2021-01-05 00:00:00',NULL),(261,31,2020,'297','2021-01-01 00:00:00','2021-01-01 00:00:00','2021-01-05 00:00:00'),(262,31,2020,'501','2021-01-05 00:00:00','2021-01-05 00:00:00',NULL),(263,32,2020,'952','2021-01-01 00:00:00','2021-01-01 00:00:00','2021-01-05 00:00:00'),(264,32,2020,'1164','2021-01-05 00:00:00','2021-01-05 00:00:00',NULL),(265,33,2020,'673','2021-01-01 00:00:00','2021-01-01 00:00:00','2021-01-05 00:00:00'),(266,33,2020,'635','2021-01-05 00:00:00','2021-01-05 00:00:00',NULL),(267,34,2020,'989','2021-01-01 00:00:00','2021-01-01 00:00:00','2021-01-05 00:00:00'),(268,34,2020,'410','2021-01-05 00:00:00','2021-01-05 00:00:00',NULL),(269,35,2020,'1090','2021-01-01 00:00:00','2021-01-01 00:00:00','2021-01-05 00:00:00'),(270,35,2020,'1132','2021-01-05 00:00:00','2021-01-05 00:00:00',NULL),(271,36,2020,'1361','2021-01-01 00:00:00','2021-01-01 00:00:00','2021-01-05 00:00:00'),(272,36,2020,'1122','2021-01-05 00:00:00','2021-01-05 00:00:00',NULL),(273,37,2020,'833','2021-01-01 00:00:00','2021-01-01 00:00:00','2021-01-05 00:00:00'),(274,37,2020,'210','2021-01-05 00:00:00','2021-01-05 00:00:00',NULL),(275,38,2020,'308','2021-01-01 00:00:00','2021-01-01 00:00:00','2021-01-05 00:00:00'),(276,38,2020,'532','2021-01-05 00:00:00','2021-01-05 00:00:00',NULL),(277,39,2020,'818','2021-01-01 00:00:00','2021-01-01 00:00:00','2021-01-05 00:00:00'),(278,39,2020,'523','2021-01-05 00:00:00','2021-01-05 00:00:00',NULL),(279,40,2020,'1287','2021-01-01 00:00:00','2021-01-01 00:00:00','2021-01-05 00:00:00'),(280,40,2020,'1166','2021-01-05 00:00:00','2021-01-05 00:00:00',NULL),(281,41,2020,'1407','2021-01-01 00:00:00','2021-01-01 00:00:00','2021-01-05 00:00:00'),(282,41,2020,'237','2021-01-05 00:00:00','2021-01-05 00:00:00',NULL),(283,42,2020,'1238','2021-01-01 00:00:00','2021-01-01 00:00:00','2021-01-05 00:00:00'),(284,42,2020,'1046','2021-01-05 00:00:00','2021-01-05 00:00:00',NULL),(285,43,2020,'1495','2021-01-01 00:00:00','2021-01-01 00:00:00','2021-01-05 00:00:00'),(286,43,2020,'1160','2021-01-05 00:00:00','2021-01-05 00:00:00',NULL),(287,44,2020,'299','2021-01-01 00:00:00','2021-01-01 00:00:00','2021-01-05 00:00:00'),(288,44,2020,'1144','2021-01-05 00:00:00','2021-01-05 00:00:00',NULL),(289,45,2020,'1167','2021-01-01 00:00:00','2021-01-01 00:00:00','2021-01-05 00:00:00'),(290,45,2020,'1118','2021-01-05 00:00:00','2021-01-05 00:00:00',NULL),(291,46,2020,'862','2021-01-01 00:00:00','2021-01-01 00:00:00','2021-01-05 00:00:00'),(292,46,2020,'709','2021-01-05 00:00:00','2021-01-05 00:00:00',NULL),(293,47,2020,'587','2021-01-01 00:00:00','2021-01-01 00:00:00','2021-01-05 00:00:00'),(294,47,2020,'1149','2021-01-05 00:00:00','2021-01-05 00:00:00',NULL),(295,48,2020,'495','2021-01-01 00:00:00','2021-01-01 00:00:00','2021-01-05 00:00:00'),(296,48,2020,'1045','2021-01-05 00:00:00','2021-01-05 00:00:00',NULL),(297,49,2020,'923','2021-01-01 00:00:00','2021-01-01 00:00:00','2021-01-05 00:00:00'),(298,49,2020,'627','2021-01-05 00:00:00','2021-01-05 00:00:00',NULL),(299,50,2020,'874','2021-01-01 00:00:00','2021-01-01 00:00:00','2021-01-05 00:00:00'),(300,50,2020,'655','2021-01-05 00:00:00','2021-01-05 00:00:00',NULL),(301,51,2020,'304','2021-01-01 00:00:00','2021-01-01 00:00:00','2021-01-05 00:00:00'),(302,51,2020,'985','2021-01-05 00:00:00','2021-01-05 00:00:00',NULL),(303,52,2020,'522','2021-01-01 00:00:00','2021-01-01 00:00:00','2021-01-05 00:00:00'),(304,52,2020,'930','2021-01-05 00:00:00','2021-01-05 00:00:00',NULL),(305,53,2020,'1049','2021-01-01 00:00:00','2021-01-01 00:00:00','2021-01-05 00:00:00'),(306,53,2020,'241','2021-01-05 00:00:00','2021-01-05 00:00:00',NULL),(307,54,2020,'994','2021-01-01 00:00:00','2021-01-01 00:00:00','2021-01-05 00:00:00'),(308,54,2020,'258','2021-01-05 00:00:00','2021-01-05 00:00:00',NULL),(309,55,2020,'1220','2021-01-01 00:00:00','2021-01-01 00:00:00','2021-01-05 00:00:00'),(310,55,2020,'744','2021-01-05 00:00:00','2021-01-05 00:00:00',NULL),(311,56,2020,'642','2021-01-01 00:00:00','2021-01-01 00:00:00','2021-01-05 00:00:00'),(312,56,2020,'258','2021-01-05 00:00:00','2021-01-05 00:00:00',NULL),(313,57,2020,'1295','2021-01-01 00:00:00','2021-01-01 00:00:00','2021-01-05 00:00:00'),(314,57,2020,'580','2021-01-05 00:00:00','2021-01-05 00:00:00',NULL),(315,58,2020,'1128','2021-01-01 00:00:00','2021-01-01 00:00:00','2021-01-05 00:00:00'),(316,58,2020,'1061','2021-01-05 00:00:00','2021-01-05 00:00:00',NULL),(317,59,2020,'1404','2021-01-01 00:00:00','2021-01-01 00:00:00','2021-01-05 00:00:00'),(318,59,2020,'447','2021-01-05 00:00:00','2021-01-05 00:00:00',NULL),(319,60,2020,'842','2021-01-01 00:00:00','2021-01-01 00:00:00','2021-01-05 00:00:00'),(320,60,2020,'786','2021-01-05 00:00:00','2021-01-05 00:00:00',NULL),(321,61,2020,'213','2021-01-01 00:00:00','2021-01-01 00:00:00','2021-01-05 00:00:00'),(322,61,2020,'767','2021-01-05 00:00:00','2021-01-05 00:00:00',NULL),(323,62,2020,'443','2021-01-01 00:00:00','2021-01-01 00:00:00','2021-01-05 00:00:00'),(324,62,2020,'321','2021-01-05 00:00:00','2021-01-05 00:00:00',NULL),(325,63,2020,'726','2021-01-01 00:00:00','2021-01-01 00:00:00','2021-01-05 00:00:00'),(326,63,2020,'559','2021-01-05 00:00:00','2021-01-05 00:00:00',NULL),(327,64,2020,'726','2021-01-01 00:00:00','2021-01-01 00:00:00','2021-01-05 00:00:00'),(328,64,2020,'202','2021-01-05 00:00:00','2021-01-05 00:00:00',NULL),(329,65,2020,'639','2021-01-01 00:00:00','2021-01-01 00:00:00','2021-01-05 00:00:00'),(330,65,2020,'902','2021-01-05 00:00:00','2021-01-05 00:00:00',NULL),(331,66,2020,'609','2021-01-01 00:00:00','2021-01-01 00:00:00','2021-01-05 00:00:00'),(332,66,2020,'807','2021-01-05 00:00:00','2021-01-05 00:00:00',NULL),(333,67,2020,'655','2021-01-01 00:00:00','2021-01-01 00:00:00','2021-01-05 00:00:00'),(334,67,2020,'895','2021-01-05 00:00:00','2021-01-05 00:00:00',NULL),(335,68,2020,'722','2021-01-01 00:00:00','2021-01-01 00:00:00','2021-01-05 00:00:00'),(336,68,2020,'1081','2021-01-05 00:00:00','2021-01-05 00:00:00',NULL),(337,69,2020,'755','2021-01-01 00:00:00','2021-01-01 00:00:00','2021-01-05 00:00:00'),(338,69,2020,'529','2021-01-05 00:00:00','2021-01-05 00:00:00',NULL),(339,70,2020,'1100','2021-01-01 00:00:00','2021-01-01 00:00:00','2021-01-05 00:00:00'),(340,70,2020,'1084','2021-01-05 00:00:00','2021-01-05 00:00:00',NULL),(341,71,2020,'1359','2021-01-01 00:00:00','2021-01-01 00:00:00','2021-01-05 00:00:00'),(342,71,2020,'912','2021-01-05 00:00:00','2021-01-05 00:00:00',NULL),(343,72,2020,'1304','2021-01-01 00:00:00','2021-01-01 00:00:00','2021-01-05 00:00:00'),(344,72,2020,'780','2021-01-05 00:00:00','2021-01-05 00:00:00',NULL),(345,73,2020,'561','2021-01-01 00:00:00','2021-01-01 00:00:00','2021-01-05 00:00:00'),(346,73,2020,'230','2021-01-05 00:00:00','2021-01-05 00:00:00',NULL),(347,74,2020,'1485','2021-01-01 00:00:00','2021-01-01 00:00:00','2021-01-05 00:00:00'),(348,74,2020,'986','2021-01-05 00:00:00','2021-01-05 00:00:00',NULL),(349,75,2020,'869','2021-01-01 00:00:00','2021-01-01 00:00:00','2021-01-05 00:00:00'),(350,75,2020,'782','2021-01-05 00:00:00','2021-01-05 00:00:00',NULL),(351,76,2020,'707','2021-01-01 00:00:00','2021-01-01 00:00:00','2021-01-05 00:00:00'),(352,76,2020,'1093','2021-01-05 00:00:00','2021-01-05 00:00:00',NULL),(353,77,2020,'1104','2021-01-01 00:00:00','2021-01-01 00:00:00','2021-01-05 00:00:00'),(354,77,2020,'643','2021-01-05 00:00:00','2021-01-05 00:00:00',NULL),(355,78,2020,'1268','2021-01-01 00:00:00','2021-01-01 00:00:00','2021-01-05 00:00:00'),(356,78,2020,'807','2021-01-05 00:00:00','2021-01-05 00:00:00',NULL),(357,79,2020,'1259','2021-01-01 00:00:00','2021-01-01 00:00:00','2021-01-05 00:00:00'),(358,79,2020,'408','2021-01-05 00:00:00','2021-01-05 00:00:00',NULL),(359,80,2020,'267','2021-01-01 00:00:00','2021-01-01 00:00:00','2021-01-05 00:00:00'),(360,80,2020,'359','2021-01-05 00:00:00','2021-01-05 00:00:00',NULL),(361,81,2020,'923','2021-01-01 00:00:00','2021-01-01 00:00:00','2021-01-05 00:00:00'),(362,81,2020,'805','2021-01-05 00:00:00','2021-01-05 00:00:00',NULL),(363,82,2020,'287','2021-01-01 00:00:00','2021-01-01 00:00:00','2021-01-05 00:00:00'),(364,82,2020,'974','2021-01-05 00:00:00','2021-01-05 00:00:00',NULL),(365,83,2020,'457','2021-01-01 00:00:00','2021-01-01 00:00:00','2021-01-05 00:00:00'),(366,83,2020,'893','2021-01-05 00:00:00','2021-01-05 00:00:00',NULL),(367,84,2020,'384','2021-01-01 00:00:00','2021-01-01 00:00:00','2021-01-05 00:00:00'),(368,84,2020,'766','2021-01-05 00:00:00','2021-01-05 00:00:00',NULL),(369,85,2020,'1455','2021-01-01 00:00:00','2021-01-01 00:00:00','2021-01-05 00:00:00'),(370,85,2020,'1196','2021-01-05 00:00:00','2021-01-05 00:00:00',NULL),(371,86,2020,'875','2021-01-01 00:00:00','2021-01-01 00:00:00','2021-01-05 00:00:00'),(372,86,2020,'1007','2021-01-05 00:00:00','2021-01-05 00:00:00',NULL),(373,87,2020,'415','2021-01-01 00:00:00','2021-01-01 00:00:00','2021-01-05 00:00:00'),(374,87,2020,'1127','2021-01-05 00:00:00','2021-01-05 00:00:00',NULL),(375,88,2020,'872','2021-01-01 00:00:00','2021-01-01 00:00:00','2021-01-05 00:00:00'),(376,88,2020,'434','2021-01-05 00:00:00','2021-01-05 00:00:00',NULL),(377,89,2020,'1481','2021-01-01 00:00:00','2021-01-01 00:00:00','2021-01-05 00:00:00'),(378,89,2020,'353','2021-01-05 00:00:00','2021-01-05 00:00:00',NULL),(379,90,2020,'402','2021-01-01 00:00:00','2021-01-01 00:00:00','2021-01-05 00:00:00'),(380,90,2020,'437','2021-01-05 00:00:00','2021-01-05 00:00:00',NULL),(381,91,2020,'1405','2021-01-01 00:00:00','2021-01-01 00:00:00','2021-01-05 00:00:00'),(382,91,2020,'938','2021-01-05 00:00:00','2021-01-05 00:00:00',NULL),(383,92,2020,'449','2021-01-01 00:00:00','2021-01-01 00:00:00','2021-01-05 00:00:00'),(384,92,2020,'210','2021-01-05 00:00:00','2021-01-05 00:00:00',NULL),(385,93,2020,'1373','2021-01-01 00:00:00','2021-01-01 00:00:00','2021-01-05 00:00:00'),(386,93,2020,'1103','2021-01-05 00:00:00','2021-01-05 00:00:00',NULL),(387,94,2020,'1107','2021-01-01 00:00:00','2021-01-01 00:00:00','2021-01-05 00:00:00'),(388,94,2020,'1097','2021-01-05 00:00:00','2021-01-05 00:00:00',NULL),(389,95,2020,'868','2021-01-01 00:00:00','2021-01-01 00:00:00','2021-01-05 00:00:00'),(390,95,2020,'438','2021-01-05 00:00:00','2021-01-05 00:00:00',NULL),(391,96,2020,'615','2021-01-01 00:00:00','2021-01-01 00:00:00','2021-01-05 00:00:00'),(392,96,2020,'1041','2021-01-05 00:00:00','2021-01-05 00:00:00',NULL),(393,97,2020,'684','2021-01-01 00:00:00','2021-01-01 00:00:00','2021-01-05 00:00:00'),(394,97,2020,'630','2021-01-05 00:00:00','2021-01-05 00:00:00',NULL),(395,98,2020,'1286','2021-01-01 00:00:00','2021-01-01 00:00:00','2021-01-05 00:00:00'),(396,98,2020,'402','2021-01-05 00:00:00','2021-01-05 00:00:00',NULL),(397,99,2020,'900','2021-01-01 00:00:00','2021-01-01 00:00:00','2021-01-05 00:00:00'),(398,99,2020,'1097','2021-01-05 00:00:00','2021-01-05 00:00:00',NULL),(399,100,2020,'256','2021-01-01 00:00:00','2021-01-01 00:00:00','2021-01-05 00:00:00'),(400,100,2020,'788','2021-01-05 00:00:00','2021-01-05 00:00:00',NULL);
/*!40000 ALTER TABLE `salary` ENABLE KEYS */;
UNLOCK TABLES;
/*!40103 SET TIME_ZONE=@OLD_TIME_ZONE */;

/*!40101 SET SQL_MODE=@OLD_SQL_MODE */;
/*!40014 SET FOREIGN_KEY_CHECKS=@OLD_FOREIGN_KEY_CHECKS */;
/*!40014 SET UNIQUE_CHECKS=@OLD_UNIQUE_CHECKS */;
/*!40101 SET CHARACTER_SET_CLIENT=@OLD_CHARACTER_SET_CLIENT */;
/*!40101 SET CHARACTER_SET_RESULTS=@OLD_CHARACTER_SET_RESULTS */;
/*!40101 SET COLLATION_CONNECTION=@OLD_COLLATION_CONNECTION */;
/*!40111 SET SQL_NOTES=@OLD_SQL_NOTES */;

-- Dump completed on 2021-10-09  9:30:11
